S.No.,Name,Location,Year,Kilometers_Driven,Fuel_Type,Transmission,Owner_Type,Mileage,Engine,Power,Seats,New_Price,Price
0,Toyota Innova,Chennai,2016,197860,Electric,Automatic,First,22.4,800,107.72,7,27.15,1.78
1,Ford EcoSport,Mumbai,2016,87879,CNG,Manual,First,24.76,1200,123.41,5,,12.03
2,Honda City,Hyderabad,2008,174899,Petrol,Automatic,First,14.33,2500,114.44,6,,4.08
3,Ford EcoSport,Bangalore,2020,141727,Diesel,Automatic,Third,24.42,2500,161.09,5,,16.41
4,Ford EcoSport,Bangalore,2008,49859,Electric,Manual,First,15.84,1000,179.45,7,,12.48
5,Hyundai i20,Mumbai,2009,189697,Electric,Automatic,Third,15.78,1000,129.78,6,,18.78
6,Honda City,Chennai,2009,57098,Petrol,Manual,Third,15.11,1200,168.41,5,,24.36
7,Honda City,Chennai,2012,151323,Petrol,Automatic,Second,18.12,1000,94.52,7,,9.69
8,Honda City,Hyderabad,2014,127413,Electric,Manual,Second,12.31,2500,131.21,7,,28.9
9,Ford EcoSport,Mumbai,2021,5526,CNG,Manual,Second,18.31,2000,101.78,6,,16.53
10,Toyota Innova,Bangalore,2013,73760,Petrol,Automatic,Second,18.13,800,112.13,7,,18.93
11,Honda City,Chennai,2018,52837,Electric,Automatic,Second,21.43,800,159.86,4,,20.74
12,Ford EcoSport,Mumbai,2012,16536,Petrol,Automatic,Third,22.5,1200,182.25,5,,20.34
13,Hyundai i20,Chennai,2013,33541,CNG,Manual,Third,16.61,1000,68.22,5,,15.82
14,Toyota Innova,Chennai,2015,84083,Diesel,Manual,First,14.53,2000,145.2,7,,13.43
15,Hyundai i20,Bangalore,2005,187099,Petrol,Manual,Third,13.89,800,137.32,7,,2.56
16,Toyota Innova,Delhi,2018,39531,CNG,Automatic,Third,12.92,800,67.76,4,,1.64
17,Ford EcoSport,Hyderabad,2009,13712,Electric,Manual,Second,10.86,1500,81.78,6,,11.38
18,Maruti Swift,Hyderabad,2018,109101,Petrol,Manual,Third,15.14,1500,96.65,7,,10.68
19,Toyota Innova,Bangalore,2008,70455,Petrol,Automatic,Second,14.05,2500,75.04,7,,12.24
20,Hyundai i20,Chennai,2005,79744,Electric,Manual,First,24.5,800,86.56,7,,5.01
21,Ford EcoSport,Mumbai,2012,134749,Diesel,Manual,First,18.37,1200,90.14,7,,22.41
22,Toyota Innova,Chennai,2019,10109,Electric,Automatic,Third,15.21,1800,100.35,5,,25.85
23,Maruti Swift,Bangalore,2019,54268,Petrol,Manual,First,18.71,1800,162.41,7,,28.22
24,Maruti Swift,Hyderabad,2013,59615,Electric,Automatic,Third,12.09,2000,135.79,5,,15.28
25,Honda City,Chennai,2013,87503,CNG,Automatic,First,16.66,800,197.94,7,,21.33
26,Honda City,Hyderabad,2014,165831,Electric,Automatic,Second,19.39,800,112.21,6,,25.81
27,Hyundai i20,Mumbai,2013,90708,Petrol,Automatic,Second,17.33,2500,163.08,4,,13.13
28,Toyota Innova,Hyderabad,2007,196184,Electric,Automatic,Second,16.03,800,180.72,6,,9.97
29,Toyota Innova,Hyderabad,2015,107471,Diesel,Manual,Second,24.91,1200,151.85,7,,28.17
30,Honda City,Delhi,2010,162661,Electric,Manual,Third,23.2,1500,111.78,7,11.85,15.95
31,Toyota Innova,Delhi,2006,166087,Diesel,Automatic,First,19.35,800,163.04,7,,15.42
32,Toyota Innova,Delhi,2011,165081,CNG,Automatic,Third,18.54,800,80.55,6,,6.17
33,Maruti Swift,Hyderabad,2022,88309,Diesel,Manual,Second,19.31,2500,99.13,7,,4.14
34,Honda City,Bangalore,2006,131446,Electric,Automatic,Third,13.02,1000,132.0,6,,25.42
35,Ford EcoSport,Hyderabad,2021,198118,Petrol,Automatic,First,15.93,2500,136.31,5,,18.81
36,Honda City,Bangalore,2015,111661,Diesel,Automatic,Third,10.59,2500,53.32,4,,10.45
37,Ford EcoSport,Bangalore,2016,162215,CNG,Manual,First,17.13,1200,191.77,4,,6.56
38,Maruti Swift,Delhi,2011,11154,Diesel,Manual,Third,18.15,2000,154.49,6,,17.11
39,Hyundai i20,Chennai,2010,157876,Diesel,Automatic,First,13.42,800,124.36,5,16.17,17.93
40,Toyota Innova,Mumbai,2005,177760,Diesel,Automatic,First,24.46,2500,189.97,6,,7.0
41,Maruti Swift,Delhi,2021,69288,CNG,Manual,Second,23.64,2500,115.86,5,,25.69
42,Toyota Innova,Delhi,2015,56195,Electric,Manual,First,20.83,1000,197.07,7,,3.44
43,Hyundai i20,Chennai,2022,25581,Diesel,Automatic,Second,18.0,2500,126.84,5,,11.33
44,Hyundai i20,Mumbai,2021,188720,Diesel,Automatic,Second,23.05,1800,67.14,5,,20.73
45,Maruti Swift,Hyderabad,2011,35087,Petrol,Manual,Second,11.96,2000,164.72,5,,8.95
46,Hyundai i20,Hyderabad,2021,186002,CNG,Manual,Third,21.86,800,151.83,4,,25.0
47,Ford EcoSport,Delhi,2013,169053,Diesel,Manual,Third,11.87,800,165.95,5,,22.46
48,Hyundai i20,Mumbai,2021,74298,CNG,Automatic,Third,21.91,1000,192.72,7,,23.88
49,Toyota Innova,Delhi,2012,51167,Diesel,Manual,Third,14.14,1200,166.47,7,,4.45
50,Toyota Innova,Bangalore,2021,179480,Electric,Automatic,First,23.16,800,141.7,7,,5.08
51,Toyota Innova,Delhi,2011,44499,Electric,Manual,First,24.16,1800,178.6,5,17.66,9.31
52,Toyota Innova,Delhi,2005,130816,Diesel,Manual,Third,12.23,800,150.99,6,,16.02
53,Ford EcoSport,Hyderabad,2017,188341,Electric,Manual,First,16.94,1800,111.22,6,,22.69
54,Honda City,Hyderabad,2021,174631,Diesel,Manual,First,24.71,2000,182.84,7,,25.26
55,Maruti Swift,Hyderabad,2017,101347,Electric,Automatic,Second,17.25,2000,83.29,4,,21.43
56,Toyota Innova,Bangalore,2020,53787,Petrol,Automatic,Second,22.95,1500,157.2,6,,27.93
57,Hyundai i20,Hyderabad,2012,40488,Petrol,Manual,Second,18.83,1500,182.23,5,,22.42
58,Toyota Innova,Mumbai,2022,79441,Petrol,Automatic,Second,15.63,1800,159.7,6,25.58,9.88
59,Hyundai i20,Chennai,2005,27431,CNG,Manual,First,14.29,1200,154.59,7,,8.69
60,Hyundai i20,Mumbai,2018,66681,CNG,Manual,Third,13.05,800,162.9,4,,21.19
61,Toyota Innova,Mumbai,2019,199555,Petrol,Manual,First,21.43,2500,119.76,6,,6.59
62,Ford EcoSport,Hyderabad,2022,127720,CNG,Manual,First,15.8,800,181.13,6,,3.69
63,Hyundai i20,Chennai,2006,54153,Electric,Automatic,First,17.67,1500,80.52,7,,16.43
64,Hyundai i20,Chennai,2021,11368,Diesel,Manual,Second,17.38,2500,69.11,4,,24.83
65,Toyota Innova,Chennai,2022,163496,Diesel,Manual,Second,18.66,1800,92.83,4,,3.94
66,Hyundai i20,Bangalore,2010,117360,Diesel,Automatic,Second,22.98,2500,129.74,7,,23.96
67,Hyundai i20,Hyderabad,2008,181076,Petrol,Manual,Third,24.71,800,126.58,5,,24.54
68,Toyota Innova,Chennai,2005,117755,CNG,Manual,First,16.11,800,173.09,6,32.67,14.99
69,Toyota Innova,Bangalore,2012,61985,Electric,Manual,Third,22.41,1200,110.69,5,,2.66
70,Maruti Swift,Delhi,2011,55069,Electric,Automatic,Second,21.47,1000,122.65,6,,6.06
71,Ford EcoSport,Delhi,2007,57326,Petrol,Manual,Third,18.6,2500,52.01,6,,21.52
72,Ford EcoSport,Bangalore,2014,113737,Electric,Automatic,First,24.34,1500,111.46,5,,21.64
73,Hyundai i20,Bangalore,2014,159470,Electric,Manual,First,13.01,1500,147.17,7,,27.05
74,Ford EcoSport,Hyderabad,2018,55861,Electric,Manual,Second,11.64,1000,52.33,7,,17.9
75,Hyundai i20,Hyderabad,2006,80897,Electric,Automatic,Second,22.81,800,92.13,6,,4.6
76,Maruti Swift,Delhi,2005,132118,CNG,Manual,Third,16.59,1200,81.19,7,,4.52
77,Toyota Innova,Chennai,2022,73577,Electric,Manual,Second,22.7,1200,56.3,6,,21.91
78,Toyota Innova,Delhi,2011,14078,Diesel,Automatic,Second,23.4,1500,121.89,7,30.02,6.33
79,Toyota Innova,Chennai,2012,161075,Petrol,Automatic,First,10.94,1200,77.26,6,,10.52
80,Ford EcoSport,Chennai,2005,67768,CNG,Automatic,Second,23.25,2000,161.46,7,,15.13
81,Maruti Swift,Hyderabad,2007,56047,Electric,Automatic,Second,16.72,1000,177.19,4,,1.72
82,Ford EcoSport,Mumbai,2012,76626,CNG,Automatic,First,17.66,800,131.84,5,,8.22
83,Ford EcoSport,Mumbai,2019,62660,Electric,Manual,First,19.4,2000,197.26,4,,12.83
84,Maruti Swift,Bangalore,2009,185858,Diesel,Automatic,Third,23.9,1000,117.57,5,,9.11
85,Maruti Swift,Hyderabad,2007,137997,Petrol,Manual,Second,10.29,1800,127.01,5,,4.95
86,Maruti Swift,Chennai,2005,122832,Electric,Manual,First,17.15,2500,198.38,6,,22.11
87,Maruti Swift,Mumbai,2019,135406,Electric,Manual,Third,20.32,1500,84.73,5,,24.58
88,Toyota Innova,Chennai,2012,130150,Electric,Automatic,Third,20.84,1200,191.38,4,,8.47
89,Honda City,Mumbai,2006,162087,Electric,Automatic,Second,20.39,1800,56.43,4,,23.46
90,Honda City,Mumbai,2007,38320,Petrol,Manual,Second,12.02,1200,116.96,7,,12.18
91,Maruti Swift,Mumbai,2018,69881,Petrol,Automatic,Third,14.49,2000,60.5,4,,15.69
92,Honda City,Hyderabad,2018,95827,Diesel,Automatic,First,15.38,800,159.39,7,,25.82
93,Honda City,Delhi,2015,107215,Petrol,Automatic,Third,22.07,800,141.26,5,,22.75
94,Maruti Swift,Chennai,2020,162361,Electric,Automatic,Second,14.18,800,156.0,4,,24.35
95,Honda City,Hyderabad,2008,139461,Diesel,Manual,First,13.16,1200,106.17,5,,4.97
96,Ford EcoSport,Hyderabad,2009,161755,Diesel,Manual,First,24.36,1800,105.42,4,,3.02
97,Hyundai i20,Hyderabad,2018,149701,Diesel,Automatic,Third,10.13,800,56.8,4,,26.91
98,Hyundai i20,Hyderabad,2020,66550,Electric,Manual,Second,24.97,1800,102.49,7,,12.25
99,Maruti Swift,Hyderabad,2022,29826,CNG,Automatic,Third,20.15,1200,189.39,5,,9.35
100,Toyota Innova,Bangalore,2011,105734,Electric,Automatic,Third,22.43,2000,106.88,4,,22.02
101,Maruti Swift,Chennai,2014,162702,Petrol,Manual,Third,14.42,1800,174.71,6,,25.26
102,Toyota Innova,Hyderabad,2011,182235,Petrol,Manual,First,10.21,2000,176.35,5,,26.01
103,Hyundai i20,Chennai,2005,103511,Electric,Manual,First,21.07,1200,105.99,5,,10.16
104,Maruti Swift,Bangalore,2020,16653,Electric,Automatic,Second,22.51,1200,144.8,5,,25.71
105,Ford EcoSport,Bangalore,2008,164033,Diesel,Manual,Second,21.11,1500,64.31,7,5.86,2.19
106,Honda City,Chennai,2022,86941,Electric,Automatic,Third,12.14,1200,65.55,6,,2.44
107,Toyota Innova,Mumbai,2006,38662,Diesel,Manual,Third,21.3,1200,57.3,5,,19.08
108,Honda City,Delhi,2005,103818,Petrol,Manual,Third,21.53,1000,137.15,4,17.48,2.83
109,Honda City,Mumbai,2019,192518,Diesel,Automatic,Second,19.88,800,113.91,4,36.91,10.41
110,Maruti Swift,Mumbai,2009,157360,Electric,Automatic,First,21.49,1500,132.2,7,,20.51
111,Honda City,Mumbai,2015,100081,Petrol,Automatic,First,22.69,2500,128.16,4,,10.78
112,Ford EcoSport,Hyderabad,2014,41877,CNG,Automatic,Third,19.2,1500,102.53,5,,6.21
113,Honda City,Bangalore,2006,116562,Diesel,Automatic,Third,11.33,1500,151.62,4,,9.16
114,Maruti Swift,Mumbai,2007,151385,Petrol,Automatic,Third,17.31,2500,163.78,5,,14.27
115,Ford EcoSport,Bangalore,2016,77715,Diesel,Automatic,Third,11.16,1000,52.19,4,,14.79
116,Hyundai i20,Chennai,2009,146398,Petrol,Automatic,Second,16.11,2000,81.09,6,,23.71
117,Honda City,Delhi,2009,115091,Petrol,Manual,First,16.11,1200,156.99,7,18.51,22.75
118,Maruti Swift,Chennai,2010,137632,Diesel,Automatic,Third,10.99,800,107.99,7,,14.25
119,Hyundai i20,Chennai,2013,84148,CNG,Automatic,Second,15.23,1800,149.37,6,,25.52
120,Hyundai i20,Hyderabad,2006,88186,Petrol,Manual,Third,11.66,2500,102.04,6,,4.31
121,Toyota Innova,Delhi,2016,162817,Petrol,Automatic,Third,22.12,2000,108.61,7,,8.41
122,Ford EcoSport,Chennai,2007,167962,Petrol,Manual,First,24.22,2500,73.8,6,,25.01
123,Honda City,Chennai,2016,156094,CNG,Manual,Third,11.08,1200,88.73,5,,11.96
124,Maruti Swift,Delhi,2021,128629,CNG,Automatic,First,24.33,1000,140.81,4,,29.45
125,Toyota Innova,Delhi,2014,188651,Electric,Manual,First,17.84,2500,114.97,7,,14.52
126,Ford EcoSport,Chennai,2018,75316,Diesel,Automatic,First,14.49,1200,166.15,6,,23.97
127,Toyota Innova,Delhi,2021,33380,CNG,Manual,Second,11.15,1200,177.89,5,27.12,12.67
128,Ford EcoSport,Chennai,2022,115198,Diesel,Manual,Second,17.51,1000,131.25,7,,13.32
129,Ford EcoSport,Chennai,2021,7356,Electric,Manual,First,21.92,1500,163.74,6,,12.1
130,Honda City,Hyderabad,2018,75326,Diesel,Automatic,Third,20.61,1500,96.04,7,,21.85
131,Ford EcoSport,Mumbai,2013,97447,CNG,Automatic,First,10.75,800,112.25,6,,16.88
132,Toyota Innova,Chennai,2012,119994,Diesel,Manual,Third,11.09,800,156.92,7,,28.37
133,Ford EcoSport,Bangalore,2006,25049,CNG,Manual,First,16.04,1500,107.93,5,,8.28
134,Honda City,Mumbai,2017,110361,Diesel,Automatic,Third,14.43,2000,138.28,5,,3.92
135,Honda City,Mumbai,2011,21082,CNG,Automatic,Second,13.49,1800,77.81,4,,12.4
136,Toyota Innova,Mumbai,2013,5661,CNG,Manual,Third,14.22,1200,139.97,7,,18.88
137,Hyundai i20,Hyderabad,2015,173484,Diesel,Manual,First,22.05,1800,179.23,4,,25.96
138,Hyundai i20,Chennai,2018,7920,Electric,Automatic,Second,23.94,1200,180.3,7,,11.04
139,Ford EcoSport,Hyderabad,2008,196387,Petrol,Automatic,Third,16.08,1500,158.65,6,,19.96
140,Maruti Swift,Chennai,2017,84561,Electric,Automatic,Third,23.59,800,161.86,6,,11.16
141,Ford EcoSport,Hyderabad,2006,13946,Diesel,Automatic,Third,14.82,2000,133.69,4,,18.9
142,Toyota Innova,Hyderabad,2009,181572,Electric,Automatic,Third,17.15,800,137.7,7,,26.66
143,Toyota Innova,Bangalore,2015,21309,CNG,Manual,Third,13.39,1800,70.05,4,,7.71
144,Toyota Innova,Hyderabad,2010,60230,Petrol,Automatic,Second,19.61,800,116.58,5,,12.72
145,Toyota Innova,Delhi,2022,116822,Diesel,Manual,Second,24.68,1500,117.62,4,,29.8
146,Toyota Innova,Bangalore,2014,166099,Diesel,Automatic,Second,19.05,2000,193.77,4,,26.19
147,Honda City,Hyderabad,2008,117340,Diesel,Manual,Second,15.37,1800,114.66,6,,17.37
148,Hyundai i20,Mumbai,2013,64321,Petrol,Automatic,First,19.72,2000,132.4,4,,15.98
149,Toyota Innova,Delhi,2010,137028,CNG,Automatic,Second,11.84,1200,129.99,7,,9.25
150,Maruti Swift,Delhi,2006,79131,Diesel,Manual,Third,23.33,800,145.51,6,,16.0
151,Maruti Swift,Delhi,2021,183980,Electric,Manual,Third,17.55,2000,162.23,4,,25.6
152,Maruti Swift,Bangalore,2009,30963,Diesel,Automatic,Second,16.74,1000,83.76,5,,20.87
153,Maruti Swift,Hyderabad,2010,106757,Diesel,Automatic,Third,18.79,800,129.31,4,22.0,9.41
154,Honda City,Hyderabad,2016,175515,Diesel,Automatic,Second,19.37,1200,173.89,4,,6.84
155,Maruti Swift,Mumbai,2014,104259,Diesel,Automatic,Third,11.08,2000,119.47,4,37.42,8.69
156,Toyota Innova,Mumbai,2010,44063,CNG,Automatic,First,20.24,1800,91.77,6,35.5,5.92
157,Ford EcoSport,Delhi,2012,119225,Electric,Manual,First,13.63,1200,148.21,7,,3.77
158,Maruti Swift,Mumbai,2006,121400,CNG,Manual,Second,20.71,1000,173.57,5,,13.15
159,Honda City,Bangalore,2016,85818,Electric,Automatic,Second,22.34,2000,59.47,4,36.91,4.29
160,Honda City,Hyderabad,2017,9703,Diesel,Manual,Second,22.06,2500,166.52,7,,5.99
161,Maruti Swift,Delhi,2011,77099,Petrol,Manual,Third,18.29,2500,173.25,7,,16.87
162,Ford EcoSport,Mumbai,2014,161921,CNG,Manual,Second,17.8,1500,119.23,6,,5.77
163,Maruti Swift,Bangalore,2017,167932,Petrol,Automatic,First,12.14,800,197.5,5,,2.85
164,Honda City,Bangalore,2021,36585,CNG,Manual,Third,21.63,1800,168.01,6,,10.2
165,Hyundai i20,Mumbai,2018,158087,Diesel,Automatic,Second,14.07,1500,166.05,7,,7.39
166,Toyota Innova,Hyderabad,2006,48585,CNG,Manual,Third,17.45,2000,162.18,7,,15.94
167,Honda City,Mumbai,2015,31958,Diesel,Automatic,Third,14.26,2500,72.59,7,,3.97
168,Maruti Swift,Delhi,2005,31017,CNG,Manual,Second,12.01,2500,82.58,6,7.23,22.8
169,Toyota Innova,Mumbai,2008,129677,Diesel,Automatic,Third,19.44,2500,119.6,5,,27.28
170,Maruti Swift,Bangalore,2015,181422,Diesel,Automatic,First,10.81,2000,89.6,4,,22.56
171,Maruti Swift,Mumbai,2012,148273,Electric,Manual,First,21.23,2500,112.29,6,,16.45
172,Hyundai i20,Hyderabad,2015,34426,Diesel,Automatic,Third,14.76,1200,183.27,7,,25.96
173,Toyota Innova,Chennai,2008,22778,Electric,Automatic,Second,10.0,2000,173.65,6,,21.15
174,Toyota Innova,Mumbai,2021,181313,Diesel,Automatic,Third,17.67,1800,144.51,7,13.25,1.31
175,Hyundai i20,Hyderabad,2011,47229,Petrol,Automatic,First,10.7,1500,178.72,4,,12.43
176,Honda City,Hyderabad,2012,91652,Diesel,Automatic,Third,14.14,1800,167.57,4,,25.68
177,Maruti Swift,Bangalore,2007,133267,Petrol,Automatic,Third,20.6,1000,114.35,5,,11.03
178,Ford EcoSport,Hyderabad,2006,184436,Petrol,Automatic,First,10.94,2500,80.16,7,,2.02
179,Maruti Swift,Hyderabad,2019,131503,Diesel,Automatic,Third,22.59,1000,127.13,5,33.11,22.64
180,Maruti Swift,Hyderabad,2009,89878,Petrol,Manual,Third,10.06,800,160.43,5,,24.26
181,Honda City,Hyderabad,2005,62056,Electric,Manual,Second,13.7,800,115.46,4,,5.66
182,Maruti Swift,Delhi,2008,163562,CNG,Automatic,Second,21.11,1000,150.02,6,,16.58
183,Hyundai i20,Delhi,2019,24975,Diesel,Automatic,First,14.74,2000,64.15,6,27.64,6.57
184,Hyundai i20,Bangalore,2007,162795,Petrol,Manual,First,11.53,1800,162.2,5,,21.86
185,Toyota Innova,Mumbai,2015,159351,Diesel,Manual,First,15.4,1000,171.91,4,,8.87
186,Ford EcoSport,Hyderabad,2021,147633,Electric,Manual,Second,14.06,800,156.03,7,,10.17
187,Maruti Swift,Mumbai,2017,93397,Diesel,Automatic,First,22.64,1000,195.09,6,35.09,25.5
188,Maruti Swift,Mumbai,2015,185225,Diesel,Manual,First,14.7,2000,174.0,5,,14.81
189,Honda City,Bangalore,2006,38142,Petrol,Automatic,First,21.83,1000,185.46,6,,20.42
190,Hyundai i20,Hyderabad,2013,31916,Electric,Automatic,Second,23.38,1800,190.04,6,,12.67
191,Ford EcoSport,Hyderabad,2006,69324,CNG,Manual,Third,16.51,1500,170.2,7,,9.64
192,Toyota Innova,Chennai,2013,181037,CNG,Automatic,First,23.65,2000,151.14,4,,19.14
193,Hyundai i20,Mumbai,2013,130932,Petrol,Automatic,Third,15.66,800,50.86,7,,5.49
194,Toyota Innova,Mumbai,2012,140720,Diesel,Automatic,First,24.46,1800,119.87,4,27.26,11.82
195,Honda City,Delhi,2021,171205,Petrol,Automatic,Third,11.34,1000,135.67,6,,7.06
196,Honda City,Chennai,2005,186749,Petrol,Manual,Second,20.31,1000,95.6,5,25.22,21.18
197,Maruti Swift,Delhi,2015,101059,Petrol,Manual,Second,17.41,1500,97.72,7,,28.38
198,Ford EcoSport,Delhi,2012,103317,Diesel,Automatic,First,15.81,800,194.17,4,,29.87
199,Toyota Innova,Delhi,2014,40046,Electric,Automatic,Third,19.49,800,183.76,6,,14.06
200,Hyundai i20,Bangalore,2011,183136,Petrol,Manual,Second,20.56,1200,177.38,4,,8.32
201,Honda City,Bangalore,2007,106459,Diesel,Automatic,First,10.07,800,110.9,4,37.64,13.84
202,Maruti Swift,Delhi,2007,50893,Electric,Manual,First,12.5,1500,52.05,4,,25.57
203,Maruti Swift,Chennai,2022,106520,Petrol,Automatic,Second,20.7,2500,62.03,6,,6.97
204,Toyota Innova,Mumbai,2009,130818,CNG,Automatic,Second,20.0,1200,96.83,5,,28.61
205,Honda City,Chennai,2016,66272,Electric,Manual,First,24.49,1200,52.36,5,,10.91
206,Ford EcoSport,Hyderabad,2016,72649,Petrol,Manual,Third,21.42,1000,52.57,5,,29.59
207,Honda City,Bangalore,2010,69674,Electric,Manual,Third,24.26,1000,187.49,4,,25.32
208,Toyota Innova,Mumbai,2006,149832,Electric,Manual,Third,20.54,800,155.92,6,15.65,24.45
209,Toyota Innova,Mumbai,2016,157999,Electric,Automatic,First,14.47,1200,96.34,4,,10.22
210,Honda City,Hyderabad,2009,91475,Electric,Manual,Second,11.58,1000,69.9,5,,1.25
211,Toyota Innova,Hyderabad,2016,66367,Electric,Automatic,First,21.73,1500,126.75,5,,12.08
212,Honda City,Delhi,2021,148660,Electric,Manual,Second,19.66,1000,50.8,6,16.41,9.75
213,Hyundai i20,Bangalore,2021,126750,Petrol,Manual,Third,10.72,2000,190.76,4,,2.08
214,Honda City,Bangalore,2014,123154,CNG,Automatic,Third,15.4,2000,112.22,7,,15.66
215,Honda City,Chennai,2021,188305,Diesel,Manual,Second,24.35,1000,110.35,7,,12.69
216,Toyota Innova,Delhi,2019,49738,Electric,Manual,Second,17.51,1200,108.59,5,,19.4
217,Toyota Innova,Delhi,2016,38397,Diesel,Manual,First,16.49,2500,60.4,6,,19.01
218,Maruti Swift,Delhi,2020,87189,Petrol,Manual,Third,16.87,2500,145.75,4,27.04,4.5
219,Maruti Swift,Delhi,2012,81367,Electric,Automatic,First,13.13,1200,159.95,4,,29.33
220,Hyundai i20,Bangalore,2021,125585,CNG,Automatic,First,15.53,1800,151.42,5,,6.42
221,Maruti Swift,Bangalore,2009,81619,Diesel,Manual,First,15.55,2500,70.77,5,,13.91
222,Honda City,Delhi,2020,116453,Electric,Manual,Third,10.79,2000,136.83,4,,15.16
223,Toyota Innova,Chennai,2010,24816,Petrol,Manual,First,21.51,1500,135.42,4,,24.58
224,Maruti Swift,Mumbai,2012,178312,CNG,Automatic,First,16.25,1200,180.26,5,,3.88
225,Maruti Swift,Mumbai,2022,142348,Diesel,Automatic,First,22.33,800,106.87,4,,13.43
226,Hyundai i20,Chennai,2016,84530,Diesel,Automatic,First,22.76,2000,105.72,7,,19.23
227,Hyundai i20,Delhi,2019,159571,Electric,Automatic,First,13.18,1500,142.78,5,,7.24
228,Honda City,Bangalore,2013,113856,CNG,Manual,First,19.86,1500,144.96,4,,19.2
229,Toyota Innova,Mumbai,2017,76635,CNG,Manual,Third,17.08,1200,120.39,5,11.01,27.79
230,Hyundai i20,Hyderabad,2019,112803,CNG,Manual,First,23.2,1500,116.46,6,,29.93
231,Maruti Swift,Hyderabad,2014,40946,CNG,Automatic,Second,13.24,1200,124.12,5,,1.94
232,Toyota Innova,Chennai,2020,60204,Petrol,Manual,First,20.17,2500,179.16,5,,7.83
233,Toyota Innova,Delhi,2011,187958,CNG,Automatic,First,19.12,1000,119.18,6,,10.0
234,Maruti Swift,Mumbai,2021,20563,Diesel,Automatic,Third,14.43,2000,190.99,7,,12.57
235,Hyundai i20,Delhi,2011,97324,Diesel,Manual,Third,12.05,1800,125.6,4,,8.03
236,Maruti Swift,Mumbai,2018,14847,Petrol,Manual,Second,19.77,1000,192.38,6,,6.9
237,Toyota Innova,Chennai,2019,31155,Diesel,Manual,Second,21.08,2000,174.92,5,,28.68
238,Ford EcoSport,Chennai,2011,84671,Diesel,Automatic,Third,14.73,1200,104.36,4,,27.64
239,Ford EcoSport,Hyderabad,2013,121891,CNG,Automatic,Third,19.67,2000,179.55,6,,2.36
240,Honda City,Delhi,2020,88310,Diesel,Manual,First,15.93,2500,66.51,4,,10.83
241,Maruti Swift,Hyderabad,2012,154381,Petrol,Manual,Third,20.7,1200,188.76,4,,12.75
242,Maruti Swift,Delhi,2022,136691,CNG,Automatic,Second,12.99,1000,144.75,6,,7.93
243,Honda City,Hyderabad,2022,186180,Electric,Manual,First,23.35,800,58.16,4,,19.24
244,Honda City,Bangalore,2011,39707,CNG,Automatic,Second,14.31,800,146.64,7,,19.57
245,Honda City,Bangalore,2007,156409,Petrol,Automatic,First,15.52,2000,196.14,6,,25.66
246,Toyota Innova,Bangalore,2022,86537,CNG,Manual,Third,10.87,800,60.47,7,,22.49
247,Maruti Swift,Bangalore,2014,183686,CNG,Manual,Second,11.67,1200,133.2,5,9.81,16.73
248,Toyota Innova,Mumbai,2011,96155,Petrol,Manual,First,17.74,1500,162.17,4,,19.95
249,Honda City,Bangalore,2021,5281,CNG,Manual,First,14.01,1200,171.54,5,,8.95
250,Maruti Swift,Chennai,2018,163492,Petrol,Automatic,Third,22.53,1500,112.07,5,,18.2
251,Toyota Innova,Chennai,2007,175102,Petrol,Automatic,Third,10.22,1000,80.62,4,,15.19
252,Toyota Innova,Mumbai,2016,137130,Electric,Automatic,Third,15.69,1800,56.35,6,31.12,4.87
253,Honda City,Bangalore,2017,81260,Diesel,Manual,Second,15.06,1500,136.96,4,,8.03
254,Maruti Swift,Bangalore,2006,164476,Diesel,Automatic,First,10.29,800,117.94,5,,9.46
255,Honda City,Bangalore,2007,165928,CNG,Manual,Third,11.87,1200,192.31,5,,27.8
256,Maruti Swift,Hyderabad,2009,145272,CNG,Manual,Second,16.2,1000,59.09,6,,7.68
257,Ford EcoSport,Delhi,2015,69178,Electric,Manual,Second,17.39,800,152.81,4,,9.39
258,Hyundai i20,Hyderabad,2012,38997,Electric,Manual,Second,16.06,1000,53.74,5,,11.71
259,Hyundai i20,Delhi,2016,161683,Electric,Manual,Third,17.96,1800,75.72,7,21.75,20.25
260,Hyundai i20,Bangalore,2011,124273,Petrol,Manual,Third,18.93,2500,118.04,5,,4.43
261,Honda City,Bangalore,2019,177307,Electric,Automatic,First,10.15,1200,118.23,5,,28.66
262,Ford EcoSport,Hyderabad,2021,171129,Electric,Manual,First,16.96,2000,152.86,6,24.38,26.1
263,Maruti Swift,Hyderabad,2008,137311,CNG,Automatic,Third,24.45,1200,186.53,7,,17.74
264,Toyota Innova,Delhi,2017,131945,Electric,Automatic,Second,17.79,1800,145.85,5,14.85,20.55
265,Maruti Swift,Chennai,2022,50272,Petrol,Manual,Second,20.16,1200,193.03,5,33.78,1.48
266,Toyota Innova,Delhi,2005,94393,Petrol,Manual,Second,14.68,2000,182.24,7,,10.83
267,Maruti Swift,Hyderabad,2020,66212,CNG,Manual,First,21.61,1500,137.67,4,,24.07
268,Ford EcoSport,Hyderabad,2017,151470,Electric,Automatic,Second,21.59,1000,175.07,4,,3.25
269,Toyota Innova,Mumbai,2014,125030,Electric,Manual,First,17.82,2000,146.39,5,30.3,9.19
270,Honda City,Hyderabad,2016,61503,Petrol,Automatic,First,24.64,800,61.78,5,,17.97
271,Maruti Swift,Mumbai,2006,142710,Electric,Manual,Second,11.88,1800,161.08,4,,8.44
272,Maruti Swift,Chennai,2007,11570,Electric,Manual,Second,10.25,1500,64.24,6,15.77,28.09
273,Toyota Innova,Delhi,2014,73785,Electric,Automatic,Third,21.55,800,139.11,7,13.48,4.8
274,Honda City,Delhi,2006,14110,Diesel,Automatic,Third,22.11,800,155.4,7,,24.12
275,Honda City,Mumbai,2017,84141,CNG,Manual,Second,11.8,1800,59.98,6,,15.73
276,Ford EcoSport,Delhi,2017,17115,Diesel,Automatic,First,13.98,1500,84.62,6,29.89,22.76
277,Honda City,Hyderabad,2022,44062,CNG,Automatic,First,10.26,2500,187.35,6,,10.01
278,Honda City,Bangalore,2007,27911,Petrol,Automatic,First,14.4,800,142.45,6,31.23,15.92
279,Honda City,Mumbai,2011,109061,Electric,Automatic,First,21.6,800,86.94,6,,25.85
280,Hyundai i20,Delhi,2018,37556,CNG,Automatic,First,17.77,1500,153.6,6,,14.54
281,Ford EcoSport,Mumbai,2021,133335,Diesel,Manual,Third,15.22,1200,139.52,7,,11.43
282,Maruti Swift,Mumbai,2016,6969,Electric,Manual,Second,15.58,800,125.24,6,,16.55
283,Toyota Innova,Bangalore,2020,48753,Petrol,Automatic,Third,10.02,1000,196.43,4,,21.8
284,Maruti Swift,Hyderabad,2016,140542,CNG,Manual,First,14.5,1500,152.52,6,,13.86
285,Ford EcoSport,Mumbai,2019,126863,CNG,Manual,First,19.7,800,106.32,6,,28.23
286,Toyota Innova,Delhi,2014,15225,CNG,Automatic,First,24.61,1800,170.01,7,,9.55
287,Ford EcoSport,Chennai,2011,128008,Electric,Manual,First,22.71,2000,182.69,7,,14.79
288,Honda City,Mumbai,2009,159268,Diesel,Automatic,Second,10.35,1000,68.78,6,,22.95
289,Toyota Innova,Mumbai,2005,110823,Diesel,Automatic,First,23.48,2000,80.08,7,,20.98
290,Honda City,Bangalore,2021,18669,CNG,Manual,Second,21.75,2000,82.43,5,,26.05
291,Maruti Swift,Hyderabad,2007,173452,Petrol,Automatic,First,21.71,800,153.68,7,,29.91
292,Maruti Swift,Chennai,2017,129398,Petrol,Automatic,Second,16.87,1000,140.46,7,,13.38
293,Toyota Innova,Delhi,2018,115677,Diesel,Automatic,Third,15.97,1000,142.85,7,,4.22
294,Toyota Innova,Chennai,2022,53320,Petrol,Automatic,First,14.54,1200,191.12,7,,1.88
295,Ford EcoSport,Delhi,2008,183486,Diesel,Automatic,Second,10.99,2000,166.39,4,6.32,22.08
296,Ford EcoSport,Hyderabad,2022,151649,CNG,Manual,Third,13.42,1000,69.19,4,33.28,26.35
297,Honda City,Delhi,2009,130354,Diesel,Manual,First,13.7,1200,102.13,4,,7.4
298,Toyota Innova,Bangalore,2020,93009,Diesel,Automatic,First,17.26,1500,115.31,6,24.69,5.59
299,Maruti Swift,Bangalore,2005,191481,CNG,Automatic,First,21.21,1200,109.39,6,,2.8
300,Ford EcoSport,Bangalore,2018,33625,Petrol,Manual,Second,17.11,1800,150.4,5,,24.86
301,Ford EcoSport,Bangalore,2019,29089,Diesel,Automatic,Second,10.87,2500,183.78,4,,10.03
302,Maruti Swift,Chennai,2013,41487,Diesel,Manual,Third,24.37,800,95.91,6,,12.65
303,Ford EcoSport,Hyderabad,2019,115448,CNG,Automatic,Second,24.14,1500,132.78,7,,15.58
304,Honda City,Delhi,2021,55138,Petrol,Automatic,Second,21.78,2500,168.41,7,,25.34
305,Toyota Innova,Delhi,2008,178895,Diesel,Automatic,First,24.87,2500,112.43,4,,19.87
306,Maruti Swift,Bangalore,2016,173280,CNG,Automatic,First,18.17,1500,75.22,5,,18.84
307,Toyota Innova,Bangalore,2009,59061,Diesel,Automatic,First,24.44,1800,121.24,5,,6.09
308,Ford EcoSport,Mumbai,2009,166731,Electric,Automatic,First,11.13,1200,58.28,7,,15.88
309,Ford EcoSport,Hyderabad,2015,106376,CNG,Automatic,First,15.49,800,191.36,5,,21.75
310,Maruti Swift,Chennai,2010,167962,Petrol,Manual,First,13.38,1200,61.22,4,,29.22
311,Honda City,Delhi,2011,84134,Petrol,Manual,First,12.94,1000,115.77,7,,6.84
312,Hyundai i20,Mumbai,2018,52055,Petrol,Manual,Third,12.11,1200,129.48,6,,1.28
313,Maruti Swift,Mumbai,2015,24508,Petrol,Automatic,Third,19.34,1500,197.8,6,39.72,3.18
314,Hyundai i20,Delhi,2017,178359,Diesel,Automatic,Third,21.72,800,74.9,5,,11.9
315,Hyundai i20,Chennai,2006,163056,Diesel,Automatic,Third,18.67,1200,67.16,7,,24.8
316,Honda City,Mumbai,2011,115169,Petrol,Automatic,First,12.2,800,51.31,7,,1.21
317,Hyundai i20,Mumbai,2008,13125,Petrol,Automatic,Third,22.17,800,73.34,6,,14.25
318,Hyundai i20,Hyderabad,2012,41059,Petrol,Automatic,First,19.54,1000,81.09,7,,10.55
319,Honda City,Chennai,2017,108409,Diesel,Automatic,Third,15.82,1000,144.59,7,,2.52
320,Hyundai i20,Mumbai,2018,153159,Petrol,Manual,Second,20.11,1500,82.96,7,,14.06
321,Hyundai i20,Chennai,2014,10704,Petrol,Automatic,Third,13.9,1800,53.08,5,,8.39
322,Hyundai i20,Delhi,2015,196648,Electric,Manual,Third,15.18,2500,173.99,7,,11.2
323,Maruti Swift,Bangalore,2006,116279,Electric,Manual,First,23.76,800,104.84,4,,21.46
324,Maruti Swift,Mumbai,2013,163280,Petrol,Automatic,Third,14.36,1800,103.05,5,,16.12
325,Maruti Swift,Hyderabad,2021,123516,CNG,Automatic,Second,17.05,2500,95.37,7,,4.61
326,Honda City,Delhi,2007,175954,Petrol,Manual,First,23.35,2500,196.31,7,,28.88
327,Ford EcoSport,Chennai,2010,161995,Electric,Manual,First,20.62,1500,75.52,4,,19.44
328,Hyundai i20,Delhi,2009,119044,CNG,Automatic,Third,10.93,2500,184.74,5,,23.21
329,Hyundai i20,Mumbai,2009,34165,CNG,Automatic,First,12.21,2500,166.52,6,,3.3
330,Honda City,Chennai,2019,72203,Petrol,Manual,First,10.12,800,61.47,6,,2.36
331,Hyundai i20,Bangalore,2021,9114,Electric,Automatic,First,19.46,800,198.01,5,,1.56
332,Maruti Swift,Delhi,2013,41321,Electric,Automatic,First,16.72,2000,90.7,7,28.59,6.48
333,Ford EcoSport,Mumbai,2007,78297,CNG,Automatic,First,12.01,1800,64.79,7,,13.02
334,Toyota Innova,Hyderabad,2021,101652,Petrol,Manual,First,24.37,1200,174.4,6,37.05,28.14
335,Hyundai i20,Chennai,2014,104304,Diesel,Manual,Second,17.94,1000,156.0,6,,14.25
336,Maruti Swift,Delhi,2007,161498,Diesel,Manual,Third,13.63,1200,142.58,6,,9.42
337,Toyota Innova,Delhi,2022,22772,Electric,Automatic,Second,17.51,1800,73.4,4,,17.3
338,Ford EcoSport,Bangalore,2022,108754,Diesel,Automatic,First,20.19,1000,121.77,6,,4.25
339,Toyota Innova,Bangalore,2021,8712,Electric,Manual,First,11.14,1200,167.08,4,,18.68
340,Maruti Swift,Hyderabad,2007,137439,Electric,Manual,Third,14.12,2000,95.54,5,,17.48
341,Toyota Innova,Hyderabad,2007,120142,Electric,Manual,Second,22.1,1000,96.75,7,,23.97
342,Honda City,Mumbai,2010,96736,Diesel,Automatic,Third,16.89,800,50.47,6,,29.61
343,Toyota Innova,Mumbai,2017,56924,Electric,Manual,Second,18.2,1200,76.14,7,,8.28
344,Hyundai i20,Hyderabad,2019,8726,CNG,Manual,First,16.49,1000,181.31,7,21.68,15.78
345,Hyundai i20,Hyderabad,2013,94152,Petrol,Automatic,Third,10.66,2000,116.26,6,,27.36
346,Honda City,Chennai,2008,32723,Petrol,Automatic,Third,12.49,2500,197.64,6,,23.77
347,Maruti Swift,Bangalore,2018,131969,Electric,Automatic,First,16.68,1000,109.36,5,,15.13
348,Hyundai i20,Mumbai,2009,105494,Petrol,Manual,Third,13.14,1000,157.28,4,,28.42
349,Ford EcoSport,Bangalore,2006,145180,Diesel,Automatic,Second,10.75,2000,92.29,4,,2.66
350,Hyundai i20,Bangalore,2015,40643,Diesel,Automatic,Second,22.65,2500,104.57,7,9.04,28.0
351,Hyundai i20,Hyderabad,2013,167396,Petrol,Manual,Second,24.72,1200,78.61,6,,2.46
352,Maruti Swift,Chennai,2007,108896,Diesel,Automatic,Second,21.9,1500,102.06,5,,16.87
353,Toyota Innova,Delhi,2013,144999,Petrol,Manual,First,22.81,1200,132.09,5,,26.82
354,Hyundai i20,Chennai,2007,98680,Petrol,Manual,Third,13.63,2500,198.77,5,,8.62
355,Honda City,Chennai,2006,101546,Petrol,Automatic,Second,24.41,1800,149.63,5,,14.7
356,Toyota Innova,Bangalore,2016,158515,Electric,Automatic,First,12.95,2000,79.89,5,,10.41
357,Ford EcoSport,Chennai,2014,84973,Petrol,Automatic,Third,24.27,1200,56.74,4,22.63,28.61
358,Maruti Swift,Mumbai,2013,68449,Electric,Automatic,Third,24.92,1000,68.95,4,,24.89
359,Ford EcoSport,Bangalore,2019,114834,Petrol,Automatic,First,20.68,2000,134.38,4,38.34,21.56
360,Toyota Innova,Mumbai,2012,196305,Petrol,Automatic,First,24.72,800,164.77,6,,18.04
361,Toyota Innova,Delhi,2009,30537,Petrol,Manual,Second,18.54,2500,191.06,7,,24.8
362,Toyota Innova,Bangalore,2015,82576,Diesel,Manual,Third,13.89,1200,52.37,5,,12.38
363,Ford EcoSport,Delhi,2006,112522,Electric,Automatic,Third,16.55,2000,128.41,6,,13.98
364,Toyota Innova,Bangalore,2019,27612,Electric,Manual,First,18.9,1200,120.63,5,11.8,22.17
365,Ford EcoSport,Hyderabad,2010,11471,Petrol,Automatic,Third,11.1,2000,148.41,4,,11.37
366,Toyota Innova,Chennai,2012,171703,Petrol,Manual,Second,19.34,1000,133.94,6,,2.85
367,Honda City,Hyderabad,2009,36348,Diesel,Manual,Third,24.72,800,153.06,4,,3.16
368,Toyota Innova,Delhi,2020,6177,Diesel,Manual,First,12.85,800,148.71,5,,4.35
369,Ford EcoSport,Chennai,2022,140832,Diesel,Automatic,First,21.89,1800,67.55,5,,26.22
370,Hyundai i20,Bangalore,2010,37779,Electric,Manual,Second,23.62,2000,169.96,7,,14.69
371,Toyota Innova,Chennai,2009,26636,Electric,Automatic,Second,24.16,1200,68.48,5,,21.67
372,Hyundai i20,Mumbai,2020,86889,Electric,Manual,Third,24.4,800,154.78,4,,12.39
373,Honda City,Chennai,2017,58551,Petrol,Manual,Third,17.82,2500,112.42,5,,8.5
374,Maruti Swift,Mumbai,2009,147628,Electric,Manual,First,24.66,800,127.08,7,,11.07
375,Honda City,Chennai,2017,163670,CNG,Manual,Second,21.36,1500,185.49,7,,24.03
376,Toyota Innova,Mumbai,2021,147635,CNG,Manual,Second,12.43,1500,183.48,4,12.35,19.13
377,Hyundai i20,Delhi,2022,51819,Diesel,Automatic,Second,17.15,800,172.68,6,,28.19
378,Hyundai i20,Hyderabad,2012,78770,Electric,Automatic,Third,20.77,2000,126.52,5,,20.71
379,Ford EcoSport,Bangalore,2017,163038,CNG,Manual,Second,13.71,1800,160.44,7,,17.54
380,Hyundai i20,Chennai,2007,195961,Diesel,Manual,First,19.61,800,126.93,5,,18.7
381,Ford EcoSport,Hyderabad,2012,163059,Electric,Manual,First,20.0,1000,180.44,5,,28.33
382,Maruti Swift,Bangalore,2006,83714,Petrol,Manual,Third,12.44,1200,110.42,6,,23.86
383,Toyota Innova,Bangalore,2012,194420,CNG,Automatic,Third,18.48,1800,195.54,7,,1.7
384,Ford EcoSport,Mumbai,2017,29596,Petrol,Manual,Second,21.57,1000,189.85,5,,16.49
385,Maruti Swift,Delhi,2017,169246,Electric,Automatic,Third,17.48,1800,161.24,7,34.02,20.96
386,Hyundai i20,Delhi,2005,69106,CNG,Manual,First,10.18,1000,91.91,4,,22.71
387,Hyundai i20,Hyderabad,2010,64182,Electric,Automatic,Second,10.14,1200,69.75,4,,7.18
388,Maruti Swift,Delhi,2020,92163,Petrol,Manual,First,15.36,1200,178.21,5,,26.15
389,Hyundai i20,Chennai,2012,44310,CNG,Manual,Second,23.89,1500,74.8,7,,28.72
390,Maruti Swift,Delhi,2005,61088,Petrol,Automatic,Third,13.43,2000,178.14,5,31.88,7.86
391,Ford EcoSport,Hyderabad,2020,133803,Electric,Manual,Second,19.52,1000,123.61,7,,26.6
392,Ford EcoSport,Delhi,2013,144978,Electric,Manual,Second,13.33,1500,110.98,7,,3.81
393,Maruti Swift,Chennai,2017,41914,Petrol,Manual,First,14.83,1000,185.48,6,,2.62
394,Ford EcoSport,Mumbai,2015,115350,CNG,Automatic,First,22.72,1500,140.58,6,,4.75
395,Ford EcoSport,Hyderabad,2017,50379,Petrol,Manual,Second,20.93,1200,136.49,6,,2.67
396,Ford EcoSport,Mumbai,2014,173722,Electric,Manual,Third,11.43,1800,133.81,5,,25.51
397,Honda City,Mumbai,2008,182953,Petrol,Automatic,Third,16.43,2500,105.68,6,,2.71
398,Toyota Innova,Mumbai,2010,51413,Electric,Automatic,First,10.44,1500,167.85,6,,8.88
399,Hyundai i20,Bangalore,2011,142084,Petrol,Automatic,Third,17.21,1000,87.92,4,,4.01
400,Honda City,Bangalore,2009,186187,CNG,Manual,First,19.94,1000,190.83,7,,9.57
401,Ford EcoSport,Mumbai,2015,12151,CNG,Manual,Third,11.78,2500,184.1,7,,3.63
402,Maruti Swift,Hyderabad,2017,62716,Petrol,Manual,Second,14.33,2000,100.62,6,,20.37
403,Ford EcoSport,Chennai,2014,98747,Petrol,Automatic,First,15.97,1200,159.42,7,,4.87
404,Toyota Innova,Chennai,2014,172450,CNG,Manual,First,23.79,1000,135.98,4,,25.7
405,Ford EcoSport,Delhi,2015,178724,Electric,Manual,Second,24.9,800,100.65,4,,24.7
406,Maruti Swift,Hyderabad,2011,149539,CNG,Automatic,First,10.67,1800,198.28,6,,1.4
407,Toyota Innova,Bangalore,2022,167082,Electric,Automatic,Third,21.42,1500,53.79,4,,26.98
408,Ford EcoSport,Mumbai,2008,126999,Petrol,Automatic,Third,15.58,2000,87.9,7,,1.84
409,Toyota Innova,Delhi,2006,119793,Petrol,Automatic,First,15.89,2500,128.01,5,,7.95
410,Hyundai i20,Chennai,2018,190763,Electric,Automatic,Third,21.31,1800,128.29,7,28.02,1.94
411,Hyundai i20,Bangalore,2017,113177,Petrol,Manual,First,23.78,1200,138.34,5,24.75,10.74
412,Ford EcoSport,Bangalore,2016,17289,Electric,Automatic,Second,24.26,2000,162.75,6,37.65,15.9
413,Toyota Innova,Mumbai,2011,181048,Diesel,Manual,First,18.66,1500,143.52,5,,24.1
414,Maruti Swift,Chennai,2006,179668,CNG,Manual,Second,15.36,1500,140.04,4,,10.8
415,Ford EcoSport,Hyderabad,2017,159243,Diesel,Automatic,Third,21.81,2500,58.03,7,,21.46
416,Hyundai i20,Bangalore,2018,91365,Electric,Automatic,Second,13.77,800,106.48,5,,6.44
417,Hyundai i20,Mumbai,2021,119014,CNG,Automatic,Third,18.46,2500,84.81,7,,22.77
418,Ford EcoSport,Hyderabad,2013,180211,Electric,Manual,First,15.38,1200,89.81,6,,7.84
419,Toyota Innova,Chennai,2021,184785,CNG,Automatic,Third,19.85,2000,133.15,6,,5.16
420,Hyundai i20,Bangalore,2012,165806,CNG,Automatic,First,13.61,2000,79.93,4,18.24,6.38
421,Toyota Innova,Hyderabad,2006,77588,CNG,Automatic,First,12.87,1000,94.09,6,,6.28
422,Hyundai i20,Hyderabad,2017,68646,CNG,Automatic,Second,23.77,800,85.56,5,,15.87
423,Hyundai i20,Hyderabad,2007,8654,Electric,Automatic,Second,11.53,800,192.28,6,,25.5
424,Honda City,Bangalore,2020,23743,CNG,Manual,Second,17.59,2000,191.7,4,19.43,3.31
425,Hyundai i20,Bangalore,2010,53368,CNG,Manual,Second,13.31,2000,141.49,7,,21.5
426,Maruti Swift,Delhi,2011,142513,Diesel,Manual,Third,10.58,1800,188.68,7,,19.98
427,Ford EcoSport,Chennai,2014,124735,Petrol,Automatic,Third,10.54,1800,167.87,6,34.88,26.3
428,Ford EcoSport,Mumbai,2013,160683,Petrol,Automatic,Third,12.63,1800,138.49,5,,8.08
429,Toyota Innova,Hyderabad,2006,124891,Diesel,Automatic,First,23.0,800,50.97,4,,14.05
430,Hyundai i20,Delhi,2019,112971,Diesel,Manual,Third,14.24,1000,165.88,5,,27.85
431,Maruti Swift,Mumbai,2009,17149,Electric,Automatic,Third,24.26,1500,155.37,4,,20.14
432,Toyota Innova,Delhi,2008,105102,Electric,Automatic,Third,18.72,1800,142.29,6,,12.27
433,Honda City,Bangalore,2008,64189,Electric,Automatic,Second,16.55,1000,164.06,4,,4.81
434,Toyota Innova,Hyderabad,2022,157747,Diesel,Manual,Third,18.7,2500,126.94,4,24.04,8.61
435,Toyota Innova,Mumbai,2008,76031,Diesel,Automatic,First,17.75,1200,155.61,6,13.11,17.86
436,Hyundai i20,Mumbai,2021,47668,CNG,Manual,Second,21.38,1800,190.28,5,,21.83
437,Honda City,Mumbai,2016,149745,Electric,Automatic,First,14.24,2500,106.37,6,,4.61
438,Toyota Innova,Mumbai,2021,93204,Electric,Manual,Third,15.3,1500,156.22,4,,18.39
439,Maruti Swift,Mumbai,2014,159741,Electric,Manual,Second,23.41,1200,121.35,6,,16.96
440,Maruti Swift,Delhi,2005,170140,Petrol,Manual,First,24.2,1200,151.16,4,,15.9
441,Ford EcoSport,Hyderabad,2022,145507,CNG,Automatic,Third,23.39,1500,164.43,6,,21.01
442,Honda City,Bangalore,2022,188321,Electric,Automatic,First,16.29,1800,56.82,7,,25.29
443,Honda City,Bangalore,2018,42384,Electric,Manual,First,21.71,800,146.99,7,,10.37
444,Ford EcoSport,Bangalore,2019,86929,Electric,Manual,First,17.15,1500,84.01,6,30.01,26.78
445,Toyota Innova,Bangalore,2016,132959,Petrol,Automatic,Third,17.46,1500,150.5,5,,5.66
446,Honda City,Delhi,2008,81153,Petrol,Automatic,Third,13.07,1500,120.25,4,,6.02
447,Maruti Swift,Chennai,2007,80388,Diesel,Manual,First,18.87,1200,166.03,7,,8.74
448,Maruti Swift,Hyderabad,2016,36401,CNG,Automatic,Second,12.79,1000,68.51,5,,4.47
449,Hyundai i20,Mumbai,2011,124503,Diesel,Automatic,Second,14.97,2500,143.95,4,,7.68
450,Honda City,Chennai,2015,132834,CNG,Automatic,Third,22.83,800,91.77,7,,4.09
451,Toyota Innova,Bangalore,2005,39084,Petrol,Automatic,Third,13.11,1800,177.95,7,,24.83
452,Ford EcoSport,Chennai,2010,115641,Electric,Manual,Third,11.07,1800,189.26,6,,5.03
453,Ford EcoSport,Hyderabad,2019,110111,Diesel,Automatic,Third,11.04,2500,199.46,4,,22.67
454,Toyota Innova,Mumbai,2019,191898,Electric,Automatic,Third,24.11,1000,169.4,5,,2.39
455,Hyundai i20,Mumbai,2015,172523,Diesel,Manual,Second,17.6,1500,163.06,5,,28.51
456,Ford EcoSport,Hyderabad,2006,143299,Petrol,Manual,Third,16.14,800,82.33,5,5.13,21.62
457,Honda City,Hyderabad,2018,167982,Petrol,Automatic,First,22.16,1800,100.4,4,,1.2
458,Hyundai i20,Bangalore,2006,41041,Petrol,Automatic,First,22.54,2500,119.85,5,25.41,23.15
459,Honda City,Mumbai,2008,93920,Diesel,Automatic,Second,14.98,2000,166.01,5,,15.91
460,Maruti Swift,Chennai,2021,70681,CNG,Automatic,First,20.4,2500,187.24,5,6.91,23.6
461,Hyundai i20,Delhi,2007,86571,Diesel,Manual,Second,21.57,1800,78.37,6,,16.15
462,Ford EcoSport,Delhi,2017,132556,CNG,Manual,Second,19.82,1500,188.36,6,,19.59
463,Hyundai i20,Hyderabad,2013,31160,Diesel,Manual,First,12.27,2000,154.34,4,,23.8
464,Hyundai i20,Bangalore,2011,22633,Diesel,Automatic,Third,23.14,1000,141.62,4,,12.75
465,Hyundai i20,Delhi,2019,22014,Petrol,Automatic,First,18.09,800,79.98,5,,1.08
466,Hyundai i20,Mumbai,2015,85532,Electric,Automatic,First,14.24,1000,58.33,6,,25.65
467,Honda City,Hyderabad,2006,54104,Electric,Automatic,Second,16.38,1000,135.27,7,,12.05
468,Maruti Swift,Chennai,2019,177693,CNG,Manual,First,10.56,2500,147.73,7,,15.39
469,Toyota Innova,Hyderabad,2018,82231,Electric,Manual,Second,11.92,800,81.62,5,,1.23
470,Hyundai i20,Chennai,2015,73388,Diesel,Automatic,Third,21.48,800,133.47,5,,15.27
471,Ford EcoSport,Hyderabad,2007,21014,Diesel,Manual,Third,10.0,1800,178.47,6,,29.61
472,Hyundai i20,Hyderabad,2021,97578,Petrol,Automatic,Third,16.25,1800,175.26,6,,9.07
473,Ford EcoSport,Hyderabad,2016,169827,Petrol,Automatic,First,17.84,800,189.1,6,,12.47
474,Honda City,Chennai,2019,45390,Electric,Manual,Second,10.82,2000,104.88,4,,20.93
475,Ford EcoSport,Chennai,2020,28711,CNG,Automatic,Third,24.6,1200,97.71,4,,24.63
476,Toyota Innova,Hyderabad,2009,96658,Electric,Automatic,Second,13.39,1800,162.41,5,,13.1
477,Maruti Swift,Delhi,2010,62993,Electric,Manual,Second,14.56,1200,114.67,4,30.38,9.98
478,Ford EcoSport,Bangalore,2009,163285,Electric,Automatic,Third,14.56,2500,63.13,6,,28.2
479,Ford EcoSport,Bangalore,2007,193856,Electric,Automatic,Third,13.46,2000,92.42,6,,20.64
480,Maruti Swift,Bangalore,2005,12421,Diesel,Manual,Second,10.02,800,112.79,4,,4.45
481,Toyota Innova,Chennai,2010,22727,CNG,Automatic,Third,20.94,2000,93.88,7,,3.0
482,Hyundai i20,Chennai,2019,117418,Diesel,Manual,Second,24.5,1800,99.83,5,,15.02
483,Ford EcoSport,Delhi,2006,9358,CNG,Automatic,Second,13.36,1000,94.07,7,,7.38
484,Maruti Swift,Bangalore,2007,70108,Petrol,Manual,Third,19.95,2500,56.22,5,,8.37
485,Honda City,Bangalore,2021,99018,Electric,Manual,First,21.13,800,145.56,7,,26.45
486,Maruti Swift,Hyderabad,2016,129457,Diesel,Manual,Third,22.73,1500,139.59,4,,3.6
487,Honda City,Chennai,2022,168189,CNG,Automatic,First,16.34,2500,148.01,5,,21.75
488,Toyota Innova,Bangalore,2019,36910,Petrol,Manual,Second,14.54,1200,78.85,5,,8.86
489,Hyundai i20,Delhi,2016,131888,Petrol,Manual,Second,14.88,2000,94.35,5,,23.05
490,Maruti Swift,Delhi,2020,60754,Electric,Manual,First,20.69,800,142.94,6,,21.95
491,Ford EcoSport,Bangalore,2012,198510,CNG,Manual,Second,22.25,2500,139.94,6,,1.21
492,Toyota Innova,Chennai,2018,114847,Diesel,Manual,First,12.72,2000,125.95,7,21.25,15.76
493,Maruti Swift,Delhi,2021,165443,Electric,Automatic,First,15.56,800,102.56,4,26.67,5.04
494,Ford EcoSport,Hyderabad,2012,187573,Diesel,Automatic,Second,23.53,1800,186.94,6,,26.12
495,Maruti Swift,Delhi,2019,197018,Petrol,Automatic,First,22.1,2500,100.97,5,,26.28
496,Honda City,Mumbai,2018,43467,Diesel,Automatic,Third,24.77,1800,118.34,6,,13.13
497,Maruti Swift,Mumbai,2022,153697,Diesel,Automatic,Third,21.31,2500,151.72,4,,13.89
498,Maruti Swift,Chennai,2011,38893,Electric,Automatic,Second,15.9,1800,131.45,6,,9.8
499,Maruti Swift,Bangalore,2007,81329,Diesel,Automatic,Second,18.86,2000,102.03,5,,21.78
